Cell ID,Cell type,x,y,z,Radius,Mother ID,Time point,Confidence,Skeleton ID
115,-1,1090.910989,730.8101448,2005.526419,10,114,169,-1,0
114,-1,1089.988245,731.5360887,2004.324731,10,113,170,-1,0
113,-1,1093.488194,732.1885304,1998.769155,10,112,171,-1,0
112,-1,1097.197723,732.060156,2000.714707,10,111,172,-1,0
111,-1,1099.828375,730.3443014,1995.048385,10,110,173,-1,0
110,-1,1106.115264,727.2957764,1990.59752,10,109,174,-1,0
109,-1,1109.86083,729.9435755,1982.448577,10,108,175,-1,0
108,-1,1110.705716,730.3665279,1981.402878,10,107,176,-1,0
107,-1,1110.338551,728.7851774,1980.816507,10,106,177,-1,0
106,-1,1106.947548,737.663235,1978.51858,10,105,178,-1,0
105,-1,1115.509657,737.3361693,1976.356957,10,104,179,-1,0
104,-1,1114.839116,735.2415576,1979.216653,10,103,180,-1,0
103,-1,1107.574073,739.9412514,1973.49819,10,102,181,-1,0
102,-1,1115.634621,739.13992,1974.088453,10,101,182,-1,0
101,-1,1116.849347,739.6690578,1965.037127,10,100,183,-1,0
100,-1,1117.144825,732.972175,1968.11545,10,99,184,-1,0
99,-1,1117.598539,726.8008709,1966.735701,10,98,185,-1,0
98,-1,1128.406582,721.2044623,1963.626173,10,97,186,-1,0
97,-1,1126.445388,717.4779136,1958.623946,10,96,187,-1,0
96,-1,1131.799888,719.240896,1959.620762,10,95,188,-1,0
95,-1,1125.279468,723.3577805,1952.003811,10,94,189,-1,0
94,-1,1132.615105,714.6587039,1951.813798,10,93,190,-1,0
93,-1,1128.640441,717.1129763,1954.485015,10,92,191,-1,0
92,-1,1126.436422,721.9636779,1950.057257,10,91,192,-1,0
91,-1,1125.11412,721.7614874,1952.111892,10,90,193,-1,0
90,-1,1124.885497,716.3425864,1949.41029,10,89,194,-1,0
89,-1,1130.372456,713.1418605,1946.66681,10,88,195,-1,0
88,-1,1129.229339,715.8853399,1946.895433,10,87,196,-1,0
87,-1,1134.944921,715.6567166,1942.780214,10,85,197,-1,0
85,-1,1134.716298,718.1715727,1940.722605,10,84,198,-1,0
84,-1,1135.173545,719.3146892,1933.863906,10,83,199,-1,0
83,-1,1137.459778,714.2849769,1935.235646,10,82,200,-1,0
82,-1,1137.917024,715.8853399,1933.863906,10,81,201,-1,0
81,-1,1139.517387,708.5693947,1928.834194,10,79,202,-1,0
79,-1,1139.517387,704.4541756,1921.746872,10,78,203,-1,0
78,-1,1142.286182,702.5417367,1921.091791,10,77,204,-1,0
77,-1,1142.072485,701.5411995,1912.12667,10,76,205,-1,0
76,-1,1140.64114,700.5903046,1917.102724,10,75,206,-1,0
75,-1,1148.642955,696.7037088,1911.844388,10,74,207,-1,0
74,-1,1150.014694,695.1033458,1909.329532,10,73,208,-1,0
73,-1,1159.159626,694.8747225,1905.900183,10,72,209,-1,0
72,-1,1162.360352,692.5884896,1902.470833,10,70,210,-1,0
70,-1,1173.105646,675.6703665,1908.186416,10,69,211,-1,0
69,-1,1174.847991,677.3580908,1901.60504,10,68,212,-1,0
68,-1,1173.59576,680.1342347,1903.528301,10,67,213,-1,0
67,-1,1177.864941,683.9851384,1900.242532,10,66,214,-1,0
66,-1,1182.306059,679.0978513,1896.032965,10,65,215,-1,0
65,-1,1180.502855,685.2830705,1892.373716,10,64,216,-1,0
64,-1,1179.054555,685.3606251,1889.017746,10,63,217,-1,0
63,-1,1168.94228,682.3919449,1888.425675,10,62,218,-1,0
62,-1,1161.76459,677.5626385,1891.037764,10,61,219,-1,0
61,-1,1169.56416,672.8865491,1889.700342,10,60,220,-1,0
60,-1,1172.834207,674.2420998,1881.513316,10,59,221,-1,0
59,-1,1175.691992,670.7673591,1880.85739,10,58,222,-1,0
58,-1,1176.319347,673.0608357,1882.202052,10,57,223,-1,0
57,-1,1181.3822,676.3077617,1878.61343,10,56,224,-1,0
56,-1,1184.795982,674.9266557,1869.689766,10,55,225,-1,0
55,-1,1181.852202,674.9926291,1865.62303,10,54,226,-1,0
54,-1,1184.770424,666.8559022,1862.100311,10,52,227,-1,0
52,-1,1189.144158,666.632201,1859.864655,10,51,228,-1,0
51,-1,1198.389354,662.1895057,1860.733142,10,50,229,-1,0
50,-1,1199.488597,661.2148907,1863.112646,10,49,230,-1,0
49,-1,1199.446999,665.3436981,1852.967074,10,48,231,-1,0
48,-1,1193.93891,667.7965199,1844.324116,10,47,232,-1,0
147,-1,1170.131903,927.2419054,1832.80813,10,146,232,-1,3
146,-1,1169.133817,928.7431968,1838.085528,10,145,233,-1,3
47,-1,1205.59746,665.1064143,1849.142607,10,2,233,-1,0
145,-1,1172.466483,930.022427,1843.53725,10,144,234,-1,3
2,-1,1207.41056,658.2461967,1852.830605,10,-1,234,-1,0
144,-1,1180.788158,930.3778254,1831.862914,10,143,235,-1,3
5,-1,1214.224821,654.9106489,1847.601173,10,2,235,-1,0
14,-1,1210.802404,653.9592396,1839.30458,10,5,236,-1,0
143,-1,1175.056814,928.5471775,1826.159321,10,141,236,-1,3
141,-1,1170.662705,925.4314327,1814.153404,10,140,237,-1,3
15,-1,1209.44894,648.899083,1839.272363,10,14,237,-1,0
16,-1,1214.204852,648.2916917,1841.286893,10,15,238,-1,0
140,-1,1175.942765,928.7214448,1818.194497,10,139,238,-1,3
17,-1,1219.278811,643.3577184,1841.446303,10,16,239,-1,0
139,-1,1180.957101,928.1885757,1814.68262,10,138,239,-1,3
18,-1,1215.22826,639.712346,1839.270632,10,17,240,-1,0
138,-1,1182.35342,929.8171986,1814.836437,10,137,240,-1,3
21,-1,1210.884417,646.5710446,1840.185125,10,18,241,-1,0
137,-1,1178.732268,929.5263761,1817.515204,10,136,241,-1,3
22,-1,1214.455254,641.3647982,1839.10722,10,21,242,-1,0
136,-1,1180.368487,926.0003045,1819.307489,10,135,242,-1,3
23,-1,1219.7432,637.9264362,1838.368966,10,22,243,-1,0
135,-1,1189.06981,927.3135656,1825.05836,10,134,243,-1,3
134,-1,1186.964697,922.559034,1819.859439,10,133,244,-1,3
24,-1,1221.524475,631.4382432,1836.583802,10,23,244,-1,0
133,-1,1190.518775,918.4441597,1818.687565,10,132,245,-1,3
28,-1,1229.251385,632.5621379,1831.317554,10,24,245,-1,0
132,-1,1189.246174,920.105148,1817.772191,10,131,246,-1,3
29,-1,1230.051679,634.8719003,1839.425575,10,28,246,-1,0
131,-1,1193.836967,920.3632993,1812.395856,10,130,247,-1,3
30,-1,1235.666534,634.0125271,1831.326883,10,29,247,-1,0
130,-1,1192.028815,922.5466562,1804.732589,10,129,248,-1,3
31,-1,1229.800683,638.5553251,1834.384739,10,30,248,-1,0
32,-1,1227.583998,641.0331687,1832.457773,10,31,249,-1,0
129,-1,1196.412446,926.9392072,1801.931609,10,128,249,-1,3
128,-1,1195.859669,926.8691123,1802.572918,10,127,250,-1,3
33,-1,1222.913613,642.7497446,1838.142224,10,32,250,-1,0
34,-1,1223.339329,637.679108,1835.912297,10,33,251,-1,0
127,-1,1201.291375,929.5672086,1799.773936,10,126,251,-1,3
37,-1,1237.303243,633.8112915,1830.95693,10,34,252,-1,0
126,-1,1207.284213,932.8835501,1797.065792,10,125,252,-1,3
39,-1,1255.512805,632.3884953,1840.067354,10,37,253,-1,0
125,-1,1208.940822,936.3811552,1800.768774,10,124,253,-1,3
40,-1,1246.556079,630.1341886,1845.715189,10,39,254,-1,0
124,-1,1209.255604,937.3703015,1801.301682,10,123,254,-1,3
42,-1,1245.641586,634.9352776,1856.689106,10,40,255,-1,0
123,-1,1212.948978,940.7074829,1790.986607,10,122,255,-1,3
122,-1,1211.570757,942.7633838,1778.10396,10,121,256,-1,3
43,-1,1244.041223,632.1917982,1856.689106,10,42,256,-1,0
121,-1,1213.048864,945.2030324,1774.580202,10,119,257,-1,3
44,-1,1248.385065,631.2773051,1850.059031,10,43,257,-1,0
119,-1,1224.085239,945.4417234,1770.51155,10,-1,258,-1,3
45,-1,1249.299558,634.4780311,1848.001421,10,44,258,-1,0
150,-1,1228.768021,944.905196,1771.12087,10,119,259,-1,3
151,-1,1236.570939,946.8382092,1774.800608,10,150,260,-1,3
152,-1,1242.549107,952.7282539,1766.509894,10,151,261,-1,3
153,-1,1253.003641,961.7206197,1767.576368,10,152,262,-1,3
154,-1,1261.431609,977.6447684,1766.317592,10,153,263,-1,3
155,-1,1268.939571,973.6760516,1768.562972,10,154,264,-1,3
156,-1,1271.863291,981.9952217,1759.581435,10,155,265,-1,3
158,-1,1266.397122,992.7727833,1744.278918,10,156,266,-1,3
159,-1,1273.079497,997.9306589,1738.218463,10,158,267,-1,3
160,-1,1288.5181,1002.341303,1733.682126,10,159,268,-1,3
161,-1,1290.031318,1001.458878,1720.852115,10,160,269,-1,3
162,-1,1294.413581,1007.16678,1709.756784,10,161,270,-1,3
163,-1,1300.144347,1013.449972,1722.026794,10,162,271,-1,3
164,-1,1297.178268,1022.427284,1719.462539,10,163,272,-1,3
165,-1,1307.313176,1025.861573,1730.23986,10,164,273,-1,3
167,-1,1317.54304,1019.351597,1740.545534,10,165,274,-1,3
168,-1,1328.733709,1024.613524,1745.477122,10,167,275,-1,3
362,-1,977.3596686,872.7023711,2148.031497,10,361,288,-1,8
361,-1,979.1197232,870.4051213,2146.311666,10,360,289,-1,8
360,-1,973.3187783,863.1515242,2150.573108,10,359,290,-1,8
359,-1,963.0314436,866.394012,2143.071608,10,358,291,-1,8
358,-1,972.2842786,868.5498785,2137.548219,10,357,292,-1,8
357,-1,971.324453,874.5672217,2128.056175,10,356,293,-1,8
356,-1,979.0086436,882.7016131,2129.406613,10,355,294,-1,8
355,-1,977.3526498,877.6013905,2126.874489,10,354,295,-1,8
354,-1,972.969382,879.0891813,2122.597311,10,352,296,-1,8
352,-1,973.8011228,872.816462,2106.130597,10,351,297,-1,8
351,-1,975.2644261,868.9080659,2098.081548,10,350,298,-1,8
350,-1,980.3568952,865.3013419,2098.427455,10,349,299,-1,8
349,-1,988.0182576,862.5660373,2093.610718,10,348,300,-1,8
348,-1,993.0083287,861.0920736,2088.341078,10,347,301,-1,8
347,-1,990.0576519,864.412805,2082.99189,10,346,302,-1,8
346,-1,990.9117359,868.372726,2080.335168,10,344,303,-1,8
344,-1,1000.582405,870.7774226,2069.577443,10,343,304,-1,8
343,-1,1000.845129,870.4780132,2069.242089,10,342,305,-1,8
342,-1,1004.285619,865.7111759,2064.470182,10,341,306,-1,8
341,-1,1003.908754,867.0251928,2061.62732,10,340,307,-1,8
340,-1,995.7297806,864.7252014,2051.047789,10,339,308,-1,8
339,-1,995.4490241,866.8222553,2049.278952,10,338,309,-1,8
338,-1,994.3030774,867.2967653,2048.03839,10,337,310,-1,8
337,-1,997.9191255,863.7721659,2041.691808,10,336,311,-1,8
336,-1,997.3248093,864.0159164,2042.151131,10,335,312,-1,8
335,-1,998.4258497,871.2820456,2025.248085,10,334,313,-1,8
334,-1,1001.720156,864.4025462,2022.88417,10,332,314,-1,8
332,-1,1005.499133,864.1803083,2029.554401,10,331,315,-1,8
331,-1,1005.070621,866.503508,2015.802322,10,330,316,-1,8
330,-1,1003.757289,868.6266544,2017.049491,10,328,317,-1,8
328,-1,1009.71339,873.533437,2003.652749,10,327,318,-1,8
327,-1,1015.713323,873.6785611,2001.297944,10,326,319,-1,8
200,-1,1141.861561,523.4449097,2023.740591,10,199,319,-1,4
326,-1,1016.492744,874.947131,2001.905852,10,325,320,-1,8
199,-1,1143.031121,518.9048422,2022.106979,10,198,320,-1,4
325,-1,1024.049578,879.8646542,1995.722408,10,324,321,-1,8
198,-1,1147.013078,526.0380263,2009.373829,10,197,321,-1,4
324,-1,1027.253377,887.7936423,1998.92229,10,323,322,-1,8
197,-1,1155.057754,538.9066129,2002.206692,10,196,322,-1,4
323,-1,1020.230833,893.2884314,1989.958538,10,320,323,-1,8
196,-1,1142.792253,542.0315762,1996.277626,10,195,323,-1,4
320,-1,1004.350795,894.9763693,1985.428658,10,319,324,-1,8
195,-1,1127.518018,541.0141222,1988.708039,10,194,324,-1,4
194,-1,1129.667634,546.9364116,1996.53919,10,192,325,-1,4
319,-1,995.3256361,892.6987317,1984.733099,10,318,325,-1,8
192,-1,1115.226757,552.3175293,2031.384278,10,190,326,-1,4
318,-1,996.7322093,892.0305851,1979.568206,10,317,326,-1,8
317,-1,1002.92549,893.0943878,1976.005756,10,316,327,-1,8
190,-1,1114.610467,549.0140075,2019.55329,10,189,327,-1,4
316,-1,1004.999104,892.4085382,1973.309484,10,315,328,-1,8
189,-1,1114.443017,551.4084481,2014.834925,10,188,328,-1,4
315,-1,1002.410978,894.1874937,1974.571903,10,314,329,-1,8
188,-1,1115.325892,554.1698033,2020.937065,10,187,329,-1,4
314,-1,1000.5448,893.5384857,1973.870262,10,313,330,-1,8
187,-1,1113.46038,556.743021,2015.490325,10,186,330,-1,4
228,-1,1073.679237,529.4322385,2087.504477,10,227,331,-1,5
313,-1,997.8060864,892.2526919,1966.446315,10,-1,331,-1,8
186,-1,1109.752671,557.6676824,2009.540646,10,185,331,-1,4
227,-1,1075.984469,532.7017387,2078.965147,10,219,332,-1,5
311,-1,1003.701205,898.1968179,1958.939498,10,310,332,-1,6
185,-1,1110.321839,564.0259376,2004.512382,10,184,332,-1,4
458,-1,975.0026779,885.905994,2032.735178,10,457,332,-1,10
310,-1,1004.836379,903.2528142,1958.22611,10,309,333,-1,6
184,-1,1111.479228,568.1005541,1996.635062,10,183,333,-1,4
457,-1,976.0003403,892.8993501,2025.646139,10,456,333,-1,10
219,-1,1079.432438,536.7554732,2069.852414,10,216,333,-1,5
309,-1,1014.899154,902.8825846,1964.363872,10,308,334,-1,6
183,-1,1114.782851,569.8671921,1996.221984,10,182,334,-1,4
216,-1,1079.611964,539.3594358,2061.44837,10,214,334,-1,5
456,-1,976.1528632,891.6221929,2027.740701,10,455,334,-1,10
217,-1,1060.062101,549.6843901,2091.056193,10,219,334,-1,5
308,-1,1013.89092,900.4699693,1965.841931,10,307,335,-1,6
182,-1,1115.200292,569.6030883,1999.963204,10,181,335,-1,4
214,-1,1071.924811,541.4342881,2065.329613,10,213,335,-1,5
455,-1,970.1486447,887.9113288,2023.538629,10,454,335,-1,10
307,-1,1012.015578,900.1150902,1958.734089,10,306,336,-1,6
181,-1,1117.835798,573.4138439,1994.947482,10,180,336,-1,4
213,-1,1070.776588,542.6055513,2060.188166,10,212,336,-1,5
454,-1,970.1406332,890.7663684,2025.686325,10,453,336,-1,10
306,-1,1013.249865,898.7954234,1957.421965,10,305,337,-1,6
180,-1,1117.496505,572.7498539,1983.265382,10,179,337,-1,4
212,-1,1063.567957,542.8126925,2050.215082,10,211,337,-1,5
453,-1,966.1370459,888.4586897,2012.890909,10,452,337,-1,10
305,-1,1022.254881,904.0053712,1953.302034,10,304,338,-1,6
179,-1,1120.801068,567.0481375,1983.051106,10,178,338,-1,4
211,-1,1064.577824,535.8587505,2052.227287,10,210,338,-1,5
452,-1,970.5832178,889.8120883,2006.750101,10,451,338,-1,10
304,-1,1022.331675,908.4447843,1957.260317,10,303,339,-1,6
178,-1,1114.224656,569.4630925,1979.7916,10,177,339,-1,4
210,-1,1063.160812,542.1246483,2047.35685,10,209,339,-1,5
451,-1,971.5552074,888.7130637,2002.271642,10,450,339,-1,10
177,-1,1117.790043,573.5099693,1966.750508,10,176,340,-1,4
209,-1,1062.035803,545.5048634,2040.103525,10,208,340,-1,5
450,-1,977.413868,892.5214379,1991.427058,10,449,340,-1,10
303,-1,1022.902874,906.1462671,1945.807688,10,302,340,-1,6
176,-1,1118.808788,571.6375173,1970.664941,10,175,341,-1,4
208,-1,1066.265239,548.3430923,2035.732595,10,207,341,-1,5
449,-1,986.283294,893.6200271,1992.247,10,448,341,-1,10
302,-1,1030.547203,912.3427386,1938.76124,10,301,341,-1,6
448,-1,986.5199686,896.0830955,1991.040258,10,447,342,-1,10
301,-1,1032.836574,908.1889599,1942.378426,10,300,342,-1,6
175,-1,1122.732804,575.5061717,1970.371415,10,174,342,-1,4
207,-1,1070.564653,550.3149658,2031.037133,10,206,342,-1,5
300,-1,1035.387329,907.159133,1925.559598,10,299,343,-1,6
174,-1,1122.95198,578.8355727,1955.729078,10,173,343,-1,4
206,-1,1075.5464,554.2792407,2016.882568,10,205,343,-1,5
447,-1,992.1665893,897.4099646,1981.601944,10,446,343,-1,10
299,-1,1034.598805,912.4340909,1922.230121,10,298,344,-1,6
173,-1,1128.797362,577.5172122,1958.158358,10,172,344,-1,4
205,-1,1077.435167,558.4644761,2015.821123,10,204,344,-1,5
446,-1,994.9559657,899.9661755,1977.837431,10,445,344,-1,10
298,-1,1041.562277,912.7748667,1921.579039,10,297,345,-1,6
172,-1,1131.291191,580.6406743,1957.673981,10,171,345,-1,4
204,-1,1083.528662,557.9509164,2017.097615,10,203,345,-1,5
445,-1,997.6883467,900.4165073,1974.96111,10,444,345,-1,10
297,-1,1043.133505,922.3124026,1907.801456,10,296,346,-1,6
171,-1,1132.918965,589.6106526,1945.641662,10,170,346,-1,4
203,-1,1088.179148,564.9379402,2008.786032,10,202,346,-1,5
444,-1,1000.46333,908.7225784,1968.93939,10,442,346,-1,10
296,-1,1050.480377,925.3707934,1911.892306,10,295,347,-1,6
170,-1,1144.036218,591.2899882,1948.44725,10,-1,347,-1,4
202,-1,1094.407895,565.8965936,2010.39885,10,-1,347,-1,5
442,-1,1005.306793,918.0870868,1963.794481,10,439,347,-1,10
295,-1,1055.026225,929.3497771,1904.999909,10,294,348,-1,6
439,-1,1013.252094,918.8278596,1956.078082,10,438,348,-1,10
294,-1,1058.714603,934.7674112,1889.790453,10,293,349,-1,6
438,-1,1024.176374,904.92971,1944.950053,10,437,349,-1,10
440,-1,1007.611353,933.6767046,1965.737202,10,439,349,-1,10
293,-1,1065.101646,945.0291172,1890.031304,10,292,350,-1,6
437,-1,1023.244552,901.9075589,1943.838888,10,436,350,-1,10
460,-1,1003.065794,937.2248085,1959.516689,10,440,350,-1,10
292,-1,1064.595242,944.9536686,1897.072015,10,291,351,-1,6
436,-1,1014.010727,903.0668873,1950.916328,10,435,351,-1,10
461,-1,1007.165942,941.1029871,1965.66807,10,460,351,-1,10
291,-1,1069.093658,942.3669298,1886.76491,10,290,352,-1,6
435,-1,1011.286431,898.4731124,1937.245108,10,434,352,-1,10
462,-1,1010.888454,942.5380218,1959.211184,10,461,352,-1,10
290,-1,1074.053337,943.7553305,1887.124865,10,289,353,-1,6
434,-1,1006.700977,889.0107777,1938.276348,10,433,353,-1,10
463,-1,1011.162656,945.2596871,1955.631802,10,462,353,-1,10
464,-1,1014.90243,949.2715877,1947.082316,10,463,354,-1,10
289,-1,1076.358518,938.4963721,1885.445021,10,288,354,-1,6
433,-1,1012.628709,891.1021096,1937.424265,10,432,354,-1,10
288,-1,1075.654019,936.9060566,1881.234917,10,287,355,-1,6
432,-1,1010.887693,882.7691378,1937.240433,10,431,355,-1,10
465,-1,1005.967304,947.0894242,1953.023476,10,464,355,-1,10
466,-1,1005.814646,944.178199,1939.149379,10,465,356,-1,10
287,-1,1077.16565,935.5253813,1867.555049,10,286,356,-1,6
431,-1,1015.210028,885.9815312,1935.575657,10,430,356,-1,10
467,-1,1000.0786,942.7485746,1931.4657,10,466,357,-1,10
286,-1,1078.801859,935.5258795,1863.236793,10,285,357,-1,6
430,-1,1017.267743,884.039023,1934.361705,10,429,357,-1,10
469,-1,1009.473127,942.5043195,1927.958526,10,467,358,-1,10
285,-1,1084.15823,937.8980911,1861.627532,10,284,358,-1,6
429,-1,1021.907329,882.0978004,1929.626962,10,428,358,-1,10
470,-1,1012.677708,945.3440657,1929.012293,10,469,359,-1,10
284,-1,1091.810862,937.5901274,1857.400881,10,283,359,-1,6
428,-1,1030.241909,884.1551413,1934.472196,10,427,359,-1,10
471,-1,1015.832143,948.8252432,1924.521861,10,470,360,-1,10
283,-1,1097.594598,938.8367524,1856.523217,10,282,360,-1,6
427,-1,1033.449379,878.9064307,1923.996626,10,426,360,-1,10
472,-1,1022.509064,950.541529,1917.249923,10,471,361,-1,10
282,-1,1100.961598,939.3074098,1852.746862,10,281,361,-1,6
426,-1,1040.103211,878.3180601,1924.64403,10,425,361,-1,10
281,-1,1100.557151,937.691565,1839.488142,10,280,362,-1,6
425,-1,1043.953494,869.699216,1926.355968,10,424,362,-1,10
473,-1,1026.742437,949.309749,1919.897409,10,472,362,-1,10
280,-1,1104.465579,940.5458583,1841.84308,10,279,363,-1,6
424,-1,1041.910045,864.315395,1927.475463,10,423,363,-1,10
474,-1,1030.393307,946.0067554,1917.596726,10,473,363,-1,10
279,-1,1100.39525,943.43874,1840.285951,10,278,364,-1,6
423,-1,1041.27847,858.6618694,1934.036372,10,422,364,-1,10
475,-1,1026.471565,945.583153,1921.637067,10,474,364,-1,10
278,-1,1090.667635,944.826509,1827.924188,10,277,365,-1,6
422,-1,1030.205124,866.3837427,1926.020846,10,421,365,-1,10
476,-1,1017.874664,941.9675681,1914.866885,10,475,365,-1,10
277,-1,1085.976841,944.1347196,1828.008072,10,276,366,-1,6
421,-1,1030.175436,868.0180616,1920.565776,10,420,366,-1,10
477,-1,1012.383703,945.08741,1908.376478,10,476,366,-1,10
276,-1,1088.996646,949.0103779,1825.696098,10,275,367,-1,6
420,-1,1030.401936,866.4431087,1918.240373,10,419,367,-1,10
478,-1,1004.823495,952.7728248,1898.454542,10,477,367,-1,10
275,-1,1089.646425,951.6565538,1823.625441,10,274,368,-1,6
419,-1,1025.812981,875.5536512,1916.123469,10,418,368,-1,10
479,-1,1000.825814,958.319338,1894.871114,10,478,368,-1,10
480,-1,995.7801115,966.620556,1896.574798,10,479,369,-1,10
274,-1,1083.16897,954.6218565,1825.334744,10,273,369,-1,6
418,-1,1026.339554,863.4754741,1917.371593,10,417,369,-1,10
273,-1,1084.545257,959.0933539,1817.150274,10,272,370,-1,6
417,-1,1028.23971,868.627604,1905.843096,10,416,370,-1,10
481,-1,993.1632782,965.3704742,1886.969653,10,480,370,-1,10
272,-1,1089.470828,960.0680476,1808.866761,10,271,371,-1,6
416,-1,1022.489032,870.5572918,1900.632034,10,415,371,-1,10
482,-1,996.6542733,968.7236788,1882.197398,10,481,371,-1,10
483,-1,995.9041613,962.3245248,1873.45036,10,482,372,-1,10
271,-1,1091.783362,962.9591454,1813.017748,10,270,372,-1,6
415,-1,1024.233139,867.8239408,1905.393658,10,414,372,-1,10
484,-1,990.5841635,956.6690822,1865.584908,10,483,373,-1,10
270,-1,1084.204492,958.2955053,1800.314673,10,269,373,-1,6
414,-1,1019.669603,862.8847224,1900.478621,10,413,373,-1,10
485,-1,989.6117702,942.0569997,1860.30182,10,484,374,-1,10
269,-1,1080.167811,958.219395,1801.770871,10,268,374,-1,6
413,-1,1020.849732,863.2734185,1895.053681,10,412,374,-1,10
486,-1,987.7686138,942.4244132,1861.643155,10,485,375,-1,10
268,-1,1076.776785,958.1329383,1796.421445,10,267,375,-1,6
412,-1,1028.48256,860.2553156,1883.431862,10,411,375,-1,10
488,-1,1000.116909,934.638249,1842.987339,10,486,376,-1,10
267,-1,1080.803632,955.5995976,1783.063899,10,232,376,-1,6
411,-1,1025.387657,861.6003332,1888.34178,10,410,376,-1,10
232,-1,1083.346358,959.321886,1781.520682,10,-1,377,-1,6
489,-1,1003.324984,933.7528938,1836.759276,10,488,377,-1,10
410,-1,1020.971753,862.8086342,1882.920315,10,409,377,-1,10
409,-1,1020.483836,858.2230623,1884.533692,10,408,378,-1,10
234,-1,1080.458609,950.2461053,1784.614698,10,232,378,-1,6
490,-1,997.8373193,932.9572054,1835.876507,10,489,378,-1,10
408,-1,1018.772244,862.25478,1874.72112,10,407,379,-1,10
235,-1,1078.395932,942.8204665,1778.839201,10,234,379,-1,6
491,-1,993.3158688,931.3790816,1827.186378,10,490,379,-1,10
407,-1,1010.426919,864.4444321,1870.006459,10,406,380,-1,10
236,-1,1071.589096,953.9589247,1771.61983,10,235,380,-1,6
492,-1,987.3232904,940.0944855,1837.015316,10,491,380,-1,10
406,-1,1010.225799,867.567798,1875.320647,10,405,381,-1,10
237,-1,1078.189664,958.0842796,1767.288208,10,236,381,-1,6
493,-1,985.5058505,944.4689932,1836.755257,10,492,381,-1,10
405,-1,1010.866127,864.4841547,1877.441854,10,404,382,-1,10
238,-1,1079.633538,957.2592086,1768.319546,10,237,382,-1,6
494,-1,990.1385741,939.1327367,1844.190271,10,493,382,-1,10
369,-1,1085.212957,980.3375657,1769.1035,10,238,383,-1,6
499,-1,982.4321278,936.458557,1825.872265,10,494,383,-1,10
404,-1,1006.88206,868.6311621,1863.834873,10,403,383,-1,10
239,-1,1073.651774,950.6586408,1768.319546,10,238,383,-1,6
241,-1,1076.952058,952.927586,1763.987924,10,239,384,-1,6
403,-1,1006.274905,873.9339946,1856.980049,10,402,384,-1,10
372,-1,1094.039269,997.5626118,1778.384059,10,369,384,-1,6
503,-1,987.2291136,944.5287339,1835.838234,10,499,384,-1,10
402,-1,1011.711197,877.8253251,1853.091028,10,401,385,-1,10
243,-1,1080.458609,955.1965312,1750.786788,10,241,385,-1,6
504,-1,992.3570971,951.1138799,1827.781321,10,503,385,-1,10
401,-1,1018.539778,874.9195417,1841.666745,10,400,386,-1,10
244,-1,1080.252342,947.9771601,1735.935511,10,243,386,-1,6
505,-1,995.2524204,952.0467422,1820.92618,10,504,386,-1,10
400,-1,1022.799028,876.2573823,1845.961604,10,399,387,-1,10
245,-1,1081.489948,943.0267343,1733.047762,10,244,387,-1,6
506,-1,1003.522609,955.4068214,1810.84033,10,505,387,-1,10
246,-1,1078.189664,940.7577891,1736.554314,10,245,388,-1,6
507,-1,1009.417331,959.0746012,1824.154184,10,506,388,-1,10
399,-1,1021.920383,875.7082175,1846.142176,10,398,388,-1,10
247,-1,1075.920719,940.3452536,1726.447194,10,246,389,-1,6
508,-1,1006.525766,961.8267172,1815.979992,10,507,389,-1,10
398,-1,1013.999226,877.8256164,1830.295916,10,396,389,-1,10
248,-1,1075.301916,935.18856,1720.052894,10,247,390,-1,6
396,-1,1019.28637,873.7211244,1818.033649,10,395,390,-1,10
509,-1,1001.93823,960.9056251,1809.407164,10,508,390,-1,10
249,-1,1077.777129,930.4444019,1721.084233,10,248,391,-1,6
395,-1,1017.384806,866.2896324,1826.185019,10,393,391,-1,10
510,-1,1002.314584,954.8938519,1811.479813,10,509,391,-1,10
393,-1,1019.544071,869.4092976,1815.477244,10,392,392,-1,10
250,-1,1077.158326,928.1754568,1710.770846,10,249,392,-1,6
511,-1,1004.680769,952.2034107,1807.702944,10,510,392,-1,10
392,-1,1022.757013,873.3515082,1805.762715,10,391,393,-1,10
251,-1,1081.28368,933.9509536,1702.520136,10,250,393,-1,6
391,-1,1026.216629,876.1912201,1808.554207,10,390,394,-1,10
252,-1,1091.184532,939.3139149,1701.28253,10,251,394,-1,6
390,-1,1031.29767,875.6729573,1802.311784,10,389,395,-1,10
253,-1,1090.09999,936.266048,1699.276082,10,252,395,-1,6
389,-1,1036.038075,882.5502784,1802.395908,10,388,396,-1,10
254,-1,1102.454374,936.0266124,1698.652331,10,253,396,-1,6
388,-1,1040.301436,880.7061665,1804.962757,10,387,397,-1,10
255,-1,1102.768585,927.0989352,1698.625091,10,254,397,-1,6
256,-1,1103.809624,928.0276389,1697.11319,10,255,398,-1,6
387,-1,1037.576164,883.0570607,1806.802322,10,386,398,-1,10
257,-1,1104.896304,923.7386774,1688.59321,10,256,399,-1,6
386,-1,1035.799399,878.8697215,1793.053852,10,385,399,-1,10
385,-1,1040.391445,880.8603715,1796.387746,10,384,400,-1,10
258,-1,1106.563175,925.2957071,1683.787673,10,257,400,-1,6
384,-1,1041.97009,882.1475088,1793.380997,10,383,401,-1,10
259,-1,1116.772729,931.7638023,1676.453598,10,258,401,-1,6
260,-1,1130.184903,932.6275775,1674.043341,10,259,402,-1,6
383,-1,1049.335701,886.5832065,1781.416718,10,381,402,-1,10
261,-1,1140.180625,935.5185349,1676.417875,10,260,403,-1,6
381,-1,1054.465344,889.5005664,1782.882523,10,380,403,-1,10
262,-1,1155.535578,937.460416,1678.148841,10,261,404,-1,6
380,-1,1063.450654,891.6001126,1773.527881,10,379,404,-1,10
263,-1,1157.586802,939.6847598,1674.117246,10,262,405,-1,6
379,-1,1066.314773,897.2340447,1774.641671,10,378,405,-1,10
264,-1,1160.436638,939.0092172,1673.229294,10,263,406,-1,6
378,-1,1068.24908,897.3510378,1767.10735,10,-1,406,-1,10
376,-1,1069.324142,897.4259845,1768.604793,10,378,407,-1,10
265,-1,1163.87645,936.3258225,1671.956873,10,264,407,-1,6
377,-1,1071.729483,891.6651913,1756.82403,10,376,408,-1,10
